categoria,subcategoria,nome,tipo,url,descricao
"01 — Mercado de Sorvete (Brasil)","Associações & entidades","ABIS — Associação Brasileira das Indústrias e do Setor de Sorvetes","Associação","https://abis.com.br/","Fonte primária de dados: ~11 mil empresas, faturamento >R$ 15 bi, consumo per capita 5,0 L/ano. Publica retrospectiva anual e projeções."
"01 — Mercado de Sorvete (Brasil)","Associações & entidades","Abrasorvete","Associação","https://abrasorvete.com.br/","Projeções macro do varejo (ex. +16,3% vendas em 2026), Dia Nacional do Sorvete (23/set), clipping setorial."
"01 — Mercado de Sorvete (Brasil)","Associações & entidades","Sebrae — Segmento Sorveteria","Apoio PME","https://sebrae.com.br/sites/PortalSebrae/segmentos/sorveteria","Estudos de mercado, modelos de negócio, fluxo de caixa, planos de PDV — benchmark de pequenas sorveterias."
"01 — Mercado de Sorvete (Brasil)","Associações & entidades","ABF — Números do Franchising","Associação","https://abf.com.br/numeros-do-franchising/","Mercado de franquias >R$ 300 bi em 2025 (+10,5%); açaí/sorvete continuam no topo da demanda. Projeção 2026: +8% a +10% nominais."
"01 — Mercado de Sorvete (Brasil)","Mídias B2B","Revista Mercado Sorveteiro (Max Foods)","Revista","https://issuu.com/maxfoodsrevistas","Principal revista B2B do setor sorveteiro no Brasil — lançamentos, fornecedores, casos. Edições publicadas no Issuu."
"01 — Mercado de Sorvete (Brasil)","Mídias B2B","Food Service News","Portal B2B","https://www.foodservicenews.com.br/","Quase 20 anos cobrindo food service brasileiro — pautas de sobremesas, sorveterias e cafeterias."
"01 — Mercado de Sorvete (Brasil)","Mídias B2B","Food Magazine","Portal B2B","https://foodmagazine.com.br/","Notícias de food service, lançamentos de marcas, panorama de delivery e conveniência."
"01 — Mercado de Sorvete (Brasil)","Mídias B2B","Revista Confeitaria Brasil","Revista","https://issuu.com/maxfoodsrevistas/docs/revista_confeitaria_brasil_ed_85","Confeitaria, padaria e sobremesas — fonte cruzada com sorveteria para tendências de sabores."
"01 — Mercado de Sorvete (Brasil)","Mídias B2B","2A+ Alimentos","Portal B2B","https://www.doisamaisalimentos.com.br/","Indústria de alimentos brasileira, cobertura recorrente de sorvetes (ABIS), embalagens e ingredientes."
"01 — Mercado de Sorvete (Brasil)","Mídias B2B","ABIS no LinkedIn","Rede social","https://www.linkedin.com/company/abisbr","Atualizações em tempo real da associação, anúncios setoriais e movimentos de executivos."
"02 — Mercado Global (Dados & Pesquisas)","Premium","Mintel — Desserts & Ice Cream","Research","https://store.mintel.com/industries/food/desserts-ice-cream","Padrão-ouro de relatórios de tendências e tamanho de mercado por país. Insight aberto: ""Is Ice Cream Stepping Out Of Its Comfort Zone?"""
"02 — Mercado Global (Dados & Pesquisas)","Premium","Euromonitor — Ice Cream","Research","https://www.euromonitor.com/store/explore-reports/snacks/ice-cream","Dados Passport: share por marca/canal/país, projeções de 5 anos. Crítico para benchmarking internacional."
"02 — Mercado Global (Dados & Pesquisas)","Premium","Mordor Intelligence — Ice Cream Market 2026–2031","Research","https://www.mordorintelligence.com/industry-reports/ice-cream-market","Alternativa mais acessível (sumários e amostras gratuitas) com CAGR, segmentação e drivers regionais."
"02 — Mercado Global (Dados & Pesquisas)","Premium","NielsenIQ — Consumer Outlook","Research","https://nielseniq.com/global/en/insights/report/","Guia 2026 anual: comportamento de gasto CPG, valor médio de cesta, sensibilidade a preço."
"02 — Mercado Global (Dados & Pesquisas)","Premium","Circana (ex-IRI) — Center Store & Frozen Foods","Research","https://www.circana.com/industries/center-store-and-frozen-foods","POS + painel de lares; libera estudos públicos sobre super-premium ice cream e congelados."
"02 — Mercado Global (Dados & Pesquisas)","Premium","IndexBox — Ice Cream Statistics","Dados","https://www.indexbox.io/search/ice-cream-sales-statistics/","Comércio exterior e estatísticas de produção/preço por país — oportunidades de exportação/importação."
"02 — Mercado Global (Dados & Pesquisas)","Premium","ReportLinker","Agregador","https://www.reportlinker.com/","Marketplace e alerta automatizado de relatórios de mercado (Mintel, Mordor, Technavio etc.)."
"02 — Mercado Global (Dados & Pesquisas)","Fontes abertas","IDFA — International Dairy Foods Association","Associação","https://www.idfa.org/","Dados-âncora dos EUA: 90% dos lares consomem sorvete; 65% das vendas anuais entre mai-ago."
"02 — Mercado Global (Dados & Pesquisas)","Fontes abertas","Mintel — Food & Drink Insights (aberto)","Blog","https://www.mintel.com/insights/food-and-drink/","Conteúdo gratuito da Mintel para validar trends antes de comprar relatório."
"03 — Gelato Italiano (Indústria & Cultura)","","puntoIT — Portale Gelato","Revista","https://portalegelato.it/","A revista n.1 de tendência do setor artesanal italiano (gelato, bar, pastelaria) em italiano."
"03 — Gelato Italiano (Indústria & Cultura)","","puntoITALY — Edição internacional","Revista EN","https://puntoitaly.org/","Semestral em inglês, distribuída nas principais feiras internacionais."
"03 — Gelato Italiano (Indústria & Cultura)","","Carpigiani","Fabricante","https://carpigiani.com/","Maior fabricante mundial de máquinas de gelato. Press room rico, pesquisas (Gelato World Tour)."
"03 — Gelato Italiano (Indústria & Cultura)","","Carpigiani Gelato University","Educação","https://www.gelatouniversity.com/","+400 cursos/ano em 13 idiomas, 35 campus. Conteúdo aberto sobre receitas, ingredientes e gestão."
"03 — Gelato Italiano (Indústria & Cultura)","","MEC3","Insumos","https://www.mec3.com/en/","Fornecedor líder de pastas e bases. Clube do Aprendiz no Brasil tem conteúdo técnico."
"03 — Gelato Italiano (Indústria & Cultura)","","PreGel","Insumos","https://www.pregel.com/","Concorrente da MEC3 com conteúdo técnico forte sobre stecco, sorbets veganos e funcionais."
"03 — Gelato Italiano (Indústria & Cultura)","","SIGEP World — Rimini","Feira","https://www.sigep.it/en","A maior feira mundial de gelato + pastelaria + bakery + café. Edição 2026: 16–20 jan em Rimini."
"03 — Gelato Italiano (Indústria & Cultura)","","Gelato World Cup","Competição","https://www.gelatoworldcup.com/","Bienal, na SIGEP. 11ª edição em jan/2026 — catálogo das melhores criações mundiais."
"03 — Gelato Italiano (Indústria & Cultura)","","Gelato Festival World Masters","Competição","https://www.gelatofestival.com/","Competição individual de artesãos com circuito internacional (Itália, EUA, Australia)."
"04 — Marcas Benchmark (Imprensa & Releases)","Multinacionais","The Magnum Ice Cream Company (TMICC)","Investor","https://corporate.magnumicecream.com/","Holding listada (AMS/LSE/NYSE) após spin-off da Unilever em dez/2025. Inclui Magnum, B&J, Wall's, Cornetto, Breyers, Talenti, Calippo, Klondike."
"04 — Marcas Benchmark (Imprensa & Releases)","Multinacionais","Ben & Jerry's Press Center","Press","https://www.benjerry.com/about-us/press-center","Releases, manifesto social, briga judicial sobre independência."
"04 — Marcas Benchmark (Imprensa & Releases)","Multinacionais","Häagen-Dazs (Froneri/GMills)","Marca","https://www.haagendazs.com/","Após Nestlé vender ~US$ 4 bi à Froneri, US/Canadá ficou em JV; resto do mundo é General Mills."
"04 — Marcas Benchmark (Imprensa & Releases)","Multinacionais","Froneri","B2B","https://www.froneri.com/","JV Nestlé + PAI Partners, 2º maior do mundo. Controla Dreyer's, Drumstick, Häagen-Dazs US."
"04 — Marcas Benchmark (Imprensa & Releases)","Premium/artesanais","Salt & Straw","DTC","https://saltandstraw.com/","Portland-based, sabores autorais sazonais. Referência mundial em narrativa de sabor."
"04 — Marcas Benchmark (Imprensa & Releases)","Premium/artesanais","Van Leeuwen","DTC","https://vanleeuwenicecream.com/","NY, sabores estranhos (Hidden Valley Ranch, Mac & Cheese). Série B de US$ 18 mi recente."
"04 — Marcas Benchmark (Imprensa & Releases)","Premium/artesanais","Jeni's Splendid Ice Creams","DTC","https://jenis.com/","Ohio, colabs culturais (Bridgerton). Master class de branding para sorveteria artesanal escalada."
"04 — Marcas Benchmark (Imprensa & Releases)","Premium/artesanais","Mixue Group","China","https://en.mixuegroup.com/","Maior rede de food service da China (>40 mil lojas). Desembarcando no Brasil com R$ 3,2 bi."
"04 — Marcas Benchmark (Imprensa & Releases)","Premium/artesanais","Bacio di Latte","BR","https://baciodilatte.com.br/","~175 lojas no Brasil, R$ 800 mi-meta. Maior benchmark direto do segmento gelato premium nacional."
"04 — Marcas Benchmark (Imprensa & Releases)","Premium/artesanais","Exame — caso Bacio di Latte","Caso","https://exame.com/pme/os-segredos-da-bacio-di-latte-a-sorveteria-de-r-150-milhoes/","Estudo de caso editorial. Centralização de produção em Cotia, mix loja/quiosque."
"04 — Marcas Benchmark (Imprensa & Releases)","Premium/artesanais","Caso Diletto — o que evitar","Caso","https://creativosbr.com.br/caso-diletto-o-sumico-da-marca-de-sorvetes-artesanais/","Aula sobre storytelling falso. A historinha mal contada do avô italiano destruiu a marca."
"05 — Tendências de Alimentos (Globais)","","Innova Market Insights — Top 10 Trends 2026","Relatório","https://www.innovamarketinsights.com/trends/top-food-and-beverage-trends-2026/","Referência global. 2026: proteína, gut health, plant-based autêntico, indulgência consciente."
"05 — Tendências de Alimentos (Globais)","","Whole Foods — Top 8 Food Trend Predictions 2026","Relatório","https://media.wholefoodsmarket.com/whole-foods-market-forecasts-the-top-food-and-beverage-trends-for-2026/","Trends Council: volta do sebo bovino, vinegar renaissance, ano internacional da mulher agricultora (FAO/ONU)."
"05 — Tendências de Alimentos (Globais)","","FoodNavigator","Portal","https://www.foodnavigator.com/","William Reed. Cobertura europeia de inovação e regulação. Tema atual: backlash a ultraprocessados."
"05 — Tendências de Alimentos (Globais)","","FoodNavigator-USA","Portal","https://www.foodnavigator-usa.com/","Edição americana — viés CPG, MAHA, GLP-1 effect, regulação FDA."
"05 — Tendências de Alimentos (Globais)","","Food Dive","Portal","https://www.fooddive.com/","Industry Dive. Notícias diárias CPG nos EUA: M&A, lançamentos, executivos."
"05 — Tendências de Alimentos (Globais)","","Restaurant Dive","Portal","https://www.restaurantdive.com/","Foco em food service e cadeias QSR/fast casual. Indicador antecedente para varejo de sorveteria."
"05 — Tendências de Alimentos (Globais)","","Modern Restaurant Management (MRM)","Portal","https://modernrestaurantmanagement.com/","Operação, tech, RH e tendências de restaurante. Outlook anual com 30+ especialistas."
"05 — Tendências de Alimentos (Globais)","","DairyReporter","Portal","https://www.dairyreporter.com/","Hub global de lácteos com seção dedicada de Ice Cream."
"05 — Tendências de Alimentos (Globais)","","Dairy Foods Magazine","Revista","https://www.dairyfoods.com/","Revista B2B com cobertura mensal de processadores, ingredientes, embalagem."
"05 — Tendências de Alimentos (Globais)","","Food Business News","Portal","https://www.foodbusinessnews.net/","Sosland Publishing. Negócios e supply chain — resultados, IPOs, fusões CPG nos EUA."
"05 — Tendências de Alimentos (Globais)","","Specialty Food Association","Associação","https://www.specialtyfood.com/","Trade group de US$ 219 bi. Promove o Fancy Food Show e os sofi Awards. Anunciou ""SenseMaxxing"" como Trend 2026."
"05 — Tendências de Alimentos (Globais)","","Tastewise","Plataforma","https://tastewise.io/","IA + painéis ao vivo. Usada por PepsiCo, Kraft, Nestlé. Blog público com tendências semanais."
"05 — Tendências de Alimentos (Globais)","","Spoonshot","Plataforma","https://spoonshot.com/","IA + food science para prever ingredientes emergentes. Alternativa à Tastewise."
"05 — Tendências de Alimentos (Globais)","","Datassential","Plataforma","https://datassential.com/","Maior banco de dados de menus dos EUA. Lançou em 2026 o AI Sales Strategy Builder para CPGs."
"05 — Tendências de Alimentos (Globais)","","The Food Institute","Membership","https://foodinstitute.com/","Inteligência de food & beverage por assinatura. Newsletter Today in Food + relatórios temáticos."
"05 — Tendências de Alimentos (Globais)","","IFT — Institute of Food Technologists","Associação","https://www.ift.org/","Maior comunidade científica de food technology do mundo. Revista Food Technology + IFT FIRST anual."
"06 — Branding, Design & Packaging","","Brand New (UnderConsideration)","Crítica","https://www.underconsideration.com/brandnew/","Desde 2006, blog-referência mundial em rebrandings. Year-in-review obrigatório."
"06 — Branding, Design & Packaging","","The Dieline","Packaging","https://thedieline.com/","Maior comunidade global de embalagem. Dieline Awards anuais — vitrine de packaging premium em food."
"06 — Branding, Design & Packaging","","It's Nice That","Design","https://www.itsnicethat.com/","Cobertura editorial diária de design gráfico, ilustração e cultura visual."
"06 — Branding, Design & Packaging","","Creative Review","Design","https://www.creativereview.co.uk/","Revista UK com 40+ anos, foco em pensamento criativo aplicado e processos."
"06 — Branding, Design & Packaging","","Lürzer's Archive","Inspiração","https://www.luerzersarchive.com/","Catálogo bimestral das melhores peças globais de publicidade. Rankings anuais."
"06 — Branding, Design & Packaging","","Ads of the World (Clio Network)","Inspiração","https://adsoftheworld.com/","Banco de campanhas indexadas por marca/agência/categoria. Filtro Food/Ice Cream."
"06 — Branding, Design & Packaging","","Fubiz","Cultura","https://www.fubiz.net/en/","Curadoria francesa de cultura criativa, arte e design."
"06 — Branding, Design & Packaging","","Trend Hunter","Crowd","https://www.trendhunter.com/","Maior comunidade do mundo de tendências. Filtrar por Ice Cream, Gelato, Frozen Desserts."
"06 — Branding, Design & Packaging","","Creative Boom","Design","https://www.creativeboom.com/","Revista UK independente para criativos. ""10 trends creatives are so over in 2026""."
"07 — Marketing & Comunicação (Brasil)","Brasil","Meio & Mensagem","Portal","https://www.meioemensagem.com.br/","O principal portal de marketing/mídia/comunicação do Brasil. Organiza Caboré, Effie, Maximídia e ProXXIma."
"07 — Marketing & Comunicação (Brasil)","Brasil","ProXXIma","Evento","https://www.proxxima.com.br/","20 anos M&M em 26-27 mai 2026 (WTC SP). +50 sessões. ProXXIma Startups com foco em IA."
"07 — Marketing & Comunicação (Brasil)","Brasil","Update or Die","Conteúdo","https://www.updateordie.com/","Conteúdo curado de inovação, marketing, design e cultura digital. Ricardo Cavallini & equipe."
"07 — Marketing & Comunicação (Brasil)","Brasil","Manda Refs (Ana Carvalho RP)","Newsletter","https://mandarefs.substack.com/","Newsletter semanal de social media e marketing digital com +25 mil leitores. Toda sexta desde jun/2020."
"07 — Marketing & Comunicação (Brasil)","Brasil","Conar — Guia para Influenciadores Digitais","Regulação","http://conar.org.br/index.php?pg=influenciadores","Nova edição publicada em 13/mai/2026 inclui regras sobre IA, transparência, proteção a menores."
"07 — Marketing & Comunicação (Brasil)","Brasil","Olhar Criativo","Newsletter","https://olharcriativo.substack.com/","Newsletter brasileira semanal de cultura criativa, marketing e ideias. Tom editorial autoral."
"07 — Marketing & Comunicação (Brasil)","Brasil","Adnews","Portal","https://adnews.com.br/","Cobertura veloz de campanhas, agências, lançamentos. Tom mais leve que M&M."
"07 — Marketing & Comunicação (Brasil)","Brasil","propmark","Portal","https://propmark.com.br/","Mídia especializada em publicidade e marketing. Editorial denso, foco em estratégia."
"07 — Marketing & Comunicação (Brasil)","Brasil","Mundo do Marketing","Portal","https://mundodomarketing.com.br/","Cases, pesquisas, lançamentos e ativações. Diretório de estudos de caso brasileiros."
"07 — Marketing & Comunicação (Brasil)","Brasil","Clube de Criação","Premiação","https://clubedecriacao.com.br/","Referência desde 1975. Anuário anual com o melhor da propaganda brasileira."
"07 — Marketing & Comunicação (Brasil)","Brasil","B9 / Brainstorm9","Portal","https://www.b9.com.br/","Propaganda, cultura pop, tech. Produz Braincast. Sensibilidade fina para cultura → marca."
"07 — Marketing & Comunicação (Brasil)","Brasil","Exame — Marketing","Editoria","https://exame.com/marketing/","Editoria de marketing da Exame, mais ligada a negócios."
"07 — Marketing & Comunicação (Brasil)","Internacional","Adweek","Portal","https://www.adweek.com/","Cobre o marketing americano com seção dedicada a CPG."
"07 — Marketing & Comunicação (Brasil)","Internacional","Ad Age — Food & Beverage","Portal","https://adage.com/brand-marketing/food-beverage","Editoria dedicada de food/beverage. Análises de campanhas e share-of-voice."
"07 — Marketing & Comunicação (Brasil)","Internacional","The Drum","Portal","https://www.thedrum.com/","UK, viés global. Awards anuais de Commerce Media, IA e CPG."
"07 — Marketing & Comunicação (Brasil)","Internacional","Marketing Week","Portal","https://www.marketingweek.com/","Editorial UK sólido em estratégia de marca e effectiveness (Ehrenberg-Bass)."
"08 — Negócios, Varejo & Estratégia","Brasil","NeoFeed","Portal","https://neofeed.com.br/","Negócios, finanças, startups, inovação. Cobertura forte de varejo alimentar e GLP-1."
"08 — Negócios, Varejo & Estratégia","Brasil","Brazil Journal","Portal","https://braziljournal.com/","Quase um Bloomberg do Brasil — análises curtas e diárias do mercado, executivos e M&A."
"08 — Negócios, Varejo & Estratégia","Brasil","Pipeline Valor","Portal","https://pipelinevalor.globo.com/","Valor Econômico. Foco em corporativo, M&A, varejo e investimento."
"08 — Negócios, Varejo & Estratégia","Brasil","InfoMoney — Negócios","Portal","https://www.infomoney.com.br/negocios/","Cobertura ampla de empresas, IPO, varejo. Útil para empresas de capital aberto e franquia."
"08 — Negócios, Varejo & Estratégia","Brasil","Exame","Portal","https://exame.com/","Generalista de negócios. Cases corporativos, EXAME 100 e cobertura de PME."
"08 — Negócios, Varejo & Estratégia","Brasil","Valor Econômico — Empresas","Portal","https://valor.globo.com/empresas/","Jornal econômico mais denso do país. Seção Empresas/Agronegócios cobre indústria de alimentos."
"08 — Negócios, Varejo & Estratégia","Global","The Economist","Premium","https://www.economist.com/","Semanário global de referência. Macroeconomia, geopolítica, tech e consumo."
"08 — Negócios, Varejo & Estratégia","Varejo global","Modern Retail","Portal","https://www.modernretail.co/","Digiday. Foco em DTC, Amazon-era e como marcas tradicionais reagem a novos canais."
"08 — Negócios, Varejo & Estratégia","Varejo global","Retail Brew","Newsletter","https://www.retailbrew.com/","Morning Brew. Newsletter gratuita seg/qua/sex. Cobertura recente: IA em loja."
"08 — Negócios, Varejo & Estratégia","Varejo global","Retail Dive","Portal","https://www.retaildive.com/","Industry Dive. Notícias diárias do varejo nos EUA."
"08 — Negócios, Varejo & Estratégia","Varejo global","Marketing Brew","Newsletter","https://www.marketingbrew.com/","Morning Brew. Brand strategy, social, ad tech — leitura diária."
"08 — Negócios, Varejo & Estratégia","Varejo global","Nation's Restaurant News","Portal","https://www.nrn.com/","Bíblia do food service nos EUA. Cobre Jeni's, Salt & Straw, QSR."
"09 — IA + Consumo + Varejo","Análise estratégica","Stratechery (Ben Thompson)","Newsletter","https://stratechery.com/","Análise mais influente do mundo sobre estratégia tech e plataformas."
"09 — IA + Consumo + Varejo","Análise estratégica","a16z — Consumer","VC","https://a16z.com/consumer/","Andreessen Horowitz. State of Consumer AI anual + relatórios sobre IA em apps, retail."
"09 — IA + Consumo + Varejo","Análise estratégica","CB Insights — Research","VC Data","https://www.cbinsights.com/research/","Consumer Products + Artificial Intelligence. AI 100 anual e mapas de mercado."
"09 — IA + Consumo + Varejo","Análise estratégica","The Information","Premium","https://www.theinformation.com/","Jornal pago de tech do Vale. Vazamentos exclusivos sobre OpenAI, Anthropic, varejo digital."
"09 — IA + Consumo + Varejo","Newsletters IA","The Rundown AI","Newsletter","https://www.therundown.ai/","+1,75 mi assinantes. 46% C-level/founders. Brief diário em ~3 min."
"09 — IA + Consumo + Varejo","Newsletters IA","Ben's Bites","Newsletter","https://www.bensbites.com/","120K+ founders. Como empresas estão usando IA de fato — cases acionáveis."
"09 — IA + Consumo + Varejo","Newsletters IA","The Neuron","Newsletter","https://www.theneurondaily.com/","550K+ leitores. Tom irreverente, humano."
"09 — IA + Consumo + Varejo","Newsletters IA","TLDR AI","Newsletter","https://tldr.tech/ai","3-5 manchetes/dia em formato seco. Combinado com Rundown e Superhuman = +4 mi assinantes."
"09 — IA + Consumo + Varejo","Newsletters IA","The Batch (Andrew Ng)","Newsletter","https://www.deeplearning.ai/the-batch/","Semanal, viés mais acadêmico-aplicado. Editorial educativo."
"09 — IA + Consumo + Varejo","Blogs de empresa","Anthropic — News","Blog","https://www.anthropic.com/news","Atualizações sobre Claude, Claude Code (4% de commits do GitHub em 2026). Superou OpenAI em adoção corporativa."
"09 — IA + Consumo + Varejo","Blogs de empresa","OpenAI — News","Blog","https://openai.com/news/","Lançamentos de produto, papers, anúncios institucionais (ex. OpenAI Deployment Co.)."
"09 — IA + Consumo + Varejo","Blogs de empresa","Hugging Face — Blog","Blog","https://huggingface.co/blog","+30% da Fortune 500 mantém contas. State of Open Source semestral."
"09 — IA + Consumo + Varejo","Blogs de empresa","Bloomberg — AI","Mídia","https://www.bloomberg.com/ai","Editoria de IA com viés financeiro. AskB usa pings de celular para prever vendas de varejo."
"09 — IA + Consumo + Varejo","Blogs de empresa","MIT Technology Review","Revista","https://www.technologyreview.com/","Cobertura editorial profunda — análises de impacto e ética da IA."
"10 — Trend Forecasting & Cultura","","WGSN","Premium","https://www.wgsn.com/en","27 anos, padrão-ouro em forecasting (TrendCurve+). Cores, materiais, comportamento."
"10 — Trend Forecasting & Cultura","","Stylus","Premium","https://stylus.com/","Interdisciplinar (20 indústrias incluindo food). Tom mais cultural que WGSN."
"10 — Trend Forecasting & Cultura","","Pinterest Predicts","Gratuito","https://business.pinterest.com/pinterest-predicts/","Relatório anual gratuito com 88% de acurácia. 2026: Cabbage Crush, Gimme Gummy, Cool Blue."
"10 — Trend Forecasting & Cultura","","TrendWatching","Híbrido","https://www.trendwatching.com/","Pioneira em consumer trends globais. Assinatura paga + relatórios gratuitos."
"10 — Trend Forecasting & Cultura","","Google Trends / Year in Search","Gratuito","https://trends.google.com/","trends.google.com + Think with Google. Comportamento real de busca por país."
"10 — Trend Forecasting & Cultura","","TikTok — What's Next Report","Gratuito","https://www.tiktok.com/business/library/whats-next-2026.html","Relatório anual oficial do TikTok com tendências de criadores, formatos e categorias."
"10 — Trend Forecasting & Cultura","","VML — The Future 100: LATAM 2026","Gratuito","https://www.vml.com/insight/the-future-100-latam-2026","20 tendências da América Latina. Tese: disoptimismo + 89% adoção de IA na região (7p > média global)."
"10 — Trend Forecasting & Cultura","","We Are Social — Digital Reports","Gratuito","https://wearesocial.com/uk/","Em parceria com Meltwater, publica anualmente Digital Reports — referência mundial de uso de internet/social."
"11 — Social, Hype & Viral","TikTok","TikTok #IceCreamTrend","Hashtag","https://www.tiktok.com/discover/ice-cream-trend","Hub de descoberta para tendências virais (frutas, salty ice cream, mochi)."
"11 — Social, Hype & Viral","TikTok","TikTok — Famous TikTok Ice Cream","Hashtag","https://www.tiktok.com/discover/famous-tiktok-ice-cream","Coletânea de marcas que viralizaram."
"11 — Social, Hype & Viral","TikTok","TikTok for Business","Plataforma","https://ads.tiktok.com/business/en","Hub oficial de anúncios + Creative Center + Insights + What's Next anual."
"11 — Social, Hype & Viral","TikTok","@littlemoonsmochi (Little Moons)","Creator","https://www.tiktok.com/@littlemoonsmochi","Case-escola: mochi gelado que cresceu via TikTok no UK e replicou no Brasil."
"11 — Social, Hype & Viral","TikTok","@eatswithclaire","Creator","https://www.tiktok.com/@eatswithclaire","Melbourne. Roteiros de sobremesa virais — observatório de hype gourmet."
"11 — Social, Hype & Viral","Instagram","@thedieline","IG","https://www.instagram.com/thedieline/","Conta da Dieline. Melhor feed do mundo para embalagens premium em food."
"11 — Social, Hype & Viral","Instagram","@luerzersarchive","IG","https://www.instagram.com/luerzersarchive/","Curadoria diária de criatividade publicitária global."
"11 — Social, Hype & Viral","Instagram","@eater","IG","https://www.instagram.com/eater/","Restaurantes, hype gastronômico, NYC-LA-Tóquio."
"11 — Social, Hype & Viral","Instagram","@bonappetitmag","IG","https://www.instagram.com/bonappetitmag/","Cultura culinária mainstream. Bom para detectar quando tendência saiu do nicho."
"11 — Social, Hype & Viral","Creator economy","ICYMI by Lia Haberman","Newsletter","https://liahaberman.substack.com/","45 mil+ assinantes. Buffer elegeu Best Marketing Newsletter 3 anos. Cobre plataformas e creator marketing."
"11 — Social, Hype & Viral","YouTube","Bon Appétit","YT","https://www.youtube.com/c/bonappetit","Gourmet Makes, Test Kitchen. Maior canal de food do YouTube com vibe editorial."
"11 — Social, Hype & Viral","YouTube","Eater","YT","https://www.youtube.com/c/Eater","Documentários curtos sobre chefs, restaurantes Michelin, processo industrial."
"11 — Social, Hype & Viral","YouTube","Food52","YT","https://www.youtube.com/c/food52","Receitas simples, vibe cozy. Estética home-cook que migra para marca."
"11 — Social, Hype & Viral","YouTube","Babish Culinary Universe","YT","https://www.youtube.com/c/babish","Andrew Rea. ~10mi inscritos. Cultura pop + cozinha."
"11 — Social, Hype & Viral","Reddit","r/icecreamery","Forum","https://www.reddit.com/r/icecreamery/","Comunidade de fazedores caseiros e profissionais. Discussões técnicas (base, emulsificantes, overrun)."
"11 — Social, Hype & Viral","Reddit","r/icecream","Forum","https://www.reddit.com/r/icecream/","Consumidores. Termômetro de percepção de marca (B&J, Häagen-Dazs, Talenti)."
"11 — Social, Hype & Viral","Reddit","r/ninjacreami","Forum","https://www.reddit.com/r/ninjacreami/","Boom de consumo doméstico com Ninja Creami — ameaças e oportunidades DTC."
"11 — Social, Hype & Viral","Reddit","r/foodbusiness","Forum","https://www.reddit.com/r/foodbusiness/","Empreendedores food. Discussões de margem, fornecedores, escalonamento."
"11 — Social, Hype & Viral","Reddit","r/smallbusiness","Forum","https://www.reddit.com/r/smallbusiness/","Discussões reais sobre operação de PME — benchmark de sorveterias americanas."
"12 — Eventos, Feiras & Ferramentas","Eventos 2026","SIGEP World — 16 a 20 jan 2026 · Rimini","Itália","https://www.sigep.it/en","A maior feira mundial de gelato + pastelaria + bakery + café. >205 mil visitantes pro."
"12 — Eventos, Feiras & Ferramentas","Eventos 2026","NRF Big Show — jan 2026 · NYC","EUA","https://nrfbigshow.nrf.com/","Maior feira de varejo do mundo. 2026 dominada por agentic commerce e IA."
"12 — Eventos, Feiras & Ferramentas","Eventos 2026","Shoptalk — mar 2026 · Las Vegas","EUA","https://shoptalk.com/","Foco em DTC, comércio inovador, marcas disruptoras."
"12 — Eventos, Feiras & Ferramentas","Eventos 2026","ABF Franchising Expo — jun 2026 · SP","Brasil","https://www.abf.com.br/eventos/abf-franchising-expo/","A maior feira de franquias da América Latina. Mapeamento de novas redes de sorvete e açaí."
"12 — Eventos, Feiras & Ferramentas","Eventos 2026","Summer Fancy Food Show — 28 a 30 jun 2026 · NYC","EUA","https://www.specialtyfood.com/fancy-food-shows/summer/","70ª edição. 40+ categorias, lançamentos especialidades, sofi Awards."
"12 — Eventos, Feiras & Ferramentas","Eventos 2026","Cannes Lions — 21 a 25 jun 2026","França","https://www.canneslions.com/","O Oscar da criatividade publicitária mundial."
"12 — Eventos, Feiras & Ferramentas","Eventos 2026","ProXXIma — 26 a 27 mai 2026 · SP","Brasil","https://www.proxxima.com.br/","20 anos M&M. +50 sessões. ProXXIma Startups (R$ 40k em prêmios)."
"12 — Eventos, Feiras & Ferramentas","Eventos 2026","Fispal Food Service / Mercosorvet — ago 2026 · SP","Brasil","https://www.fispalfoodservice.com.br/","Principal feira nacional de food service inclui o Mercosorvet."
"12 — Eventos, Feiras & Ferramentas","Stack","Feedly","RSS","https://feedly.com/","Agregador com IA Leo para filtrar tópicos. Pro tem alertas por palavra-chave."
"12 — Eventos, Feiras & Ferramentas","Stack","Inoreader","RSS","https://www.inoreader.com/","Monitoring feeds escaneiam a web em tempo real por palavras-chave (Boolean)."
"12 — Eventos, Feiras & Ferramentas","Stack","Google Alerts","Alerta","https://www.google.com/alerts","Gratuito. Configurar para Gela Boca, sorvete artesanal, Bacio di Latte, Mixue Brasil etc."
"12 — Eventos, Feiras & Ferramentas","Stack","Google Trends","Dados","https://trends.google.com/","Comparar interesse por sabor (dubai chocolate vs matcha vs ube), região e janela."
"12 — Eventos, Feiras & Ferramentas","Stack","Exploding Topics","Tendência","https://exploding-topics.com/","Identifica tópicos com crescimento >500% antes de chegarem ao mainstream."
"12 — Eventos, Feiras & Ferramentas","Stack","Muck Rack","PR","https://muckrack.com/","Database de jornalistas. Achar quem cobre food/CPG no Brasil e no mundo."
"12 — Eventos, Feiras & Ferramentas","Stack","Brandwatch","Listening","https://www.brandwatch.com/","Social listening enterprise. Indexa bilhões de conversas — sentimento de marca."
"12 — Eventos, Feiras & Ferramentas","Stack","Feedspot — Marketers Reader","Curadoria","https://www.feedspot.com/reader/marketers","RSS curado por nicho. Pasta Marketers agrega centenas de blogs/podcasts."
"12 — Eventos, Feiras & Ferramentas","Stack","Metricool","Gestão","https://metricool.com/","Gestão e analytics de redes. Publica Social Media Study anual (~39M posts) + LinkedIn 2026 Guide."
